,id,name,img,tooltip,total,sell
0,1001,장화,1001.png,  이동 속도  25    ,300,210
1,1004,요정의 부적,1004.png,  기본 마나 재생  50%    ,250,175
2,1006,원기 회복의 구슬,1006.png,  기본 체력 재생  50%    ,150,105
3,1011,거인의 허리띠,1011.png,  체력  350    ,900,630
4,1018,민첩성의 망토,1018.png,  치명타 확률  15%    ,600,420
5,1026,방출의 마법봉,1026.png,  주문력  40    ,850,595
6,1027,사파이어 수정,1027.png,  마나  250    ,350,245
7,1028,루비 수정,1028.png,  체력  150    ,400,280
8,1029,천 갑옷,1029.png,  방어력  15    ,300,210
9,1031,쇠사슬 조끼,1031.png,  방어력  40    ,800,560
10,1033,마법무효화의 망토,1033.png,  마법 저항력  25    ,450,315
11,1035,잉걸불 칼,1035.png,"   몬스터 대상 모든 피해 흡혈 8%   불태우기:  몬스터에게 피해를 입히면 5초 동안 불태워  60+주문력의 30%+추가 공격력의 5%+추가 체력의 2%의 마법 피해 를 입힙니다.  승부의 길:  강타를 5회 사용하면 이 아이템을 소모해 강타를  승부의 강타 로 업그레이드하고 몬스터에게 입히는 피해량을 증가시킵니다. 승부의 강타는 4초 동안 챔피언에게 표식을 남깁니다. 표식이 있는 동안 대상에게 적중 시 2.5초에 걸쳐  48~125(레벨에 비례) 의 추가 고정 피해를 입히고, 대상으로부터 입는 피해량은 20% 감소합니다.  사냥꾼:  대형 몬스터 처치 시 추가 경험치를 얻습니다.  만회:  정글 또는 강에 있을 때 초당 8~18(레벨에 비례)의 마나를 회복합니다.    이 아이템을  소모 하면 모든 아이템의 효과를 영구히 얻고 몬스터에게 입히는 강타 피해가 증가합니다. 정글 몬스터보다 미니언으로부터 더 많은 골드를 획득했다면, 미니언으로부터 얻는 골드와 경험치가 크게 감소합니다. 광역 공격 시에는 체력 회복 감소 효과가 적용되지 않습니다. 게임의 평균 챔피언 레벨보다 2레벨 뒤쳐졌다면 몬스터 처치 시 추가 경험치를 얻습니다.    승부의 강타는 기본 공격 또는 스킬로 피해를 입힐 때만 대상을 불태웁니다.   ",350,140
12,1036,롱소드,1036.png,  공격력  10    ,350,245
13,1037,곡괭이,1037.png,  공격력  25    ,875,613
14,1038,B.F. 대검,1038.png,  공격력  40    ,1300,910
15,1039,빗발칼날,1039.png,"   몬스터 대상 모든 피해 흡혈 8%   불태우기:  몬스터에게 피해를 입히면 5초 동안 불태워  60+주문력의 30%+추가 공격력의 5%+추가 체력의 2%의 마법 피해 를 입힙니다.  차가운 길:  강타를 5회 사용하면 이 아이템을 소모해 강타를  혹한의 강타 로 업그레이드하고 몬스터에게 입히는 피해량을 증가시킵니다. 혹한의 강타를 챔피언에게 사용하면  20~156(레벨에 비례) 의 고정 피해를 입히고 2초 동안 이동 속도를 20% 훔칩니다.  사냥꾼:  대형 몬스터 처치 시 추가 경험치를 얻습니다.  만회:  정글 또는 강에 있을 때 초당 8~18(레벨에 비례)의 마나를 회복합니다.    이 아이템을  소모 하면 모든 아이템의 효과를 영구히 얻고 몬스터에게 입히는 강타 피해가 증가합니다. 정글 몬스터보다 미니언으로부터 더 많은 골드를 획득했다면, 미니언으로부터 얻는 골드와 경험치가 크게 감소합니다. 광역 공격 시에는 체력 회복 감소 효과가 적용되지 않습니다. 게임의 평균 챔피언 레벨보다 2레벨 뒤쳐졌다면 몬스터 처치 시 추가 경험치를 얻습니다.      ",350,140
16,1040,흑요석 검,1040.png,"   몬스터 대상 모든 피해 흡혈 8%   불태우기:  몬스터에게 피해를 입히면 5초 동안 불태워  60+주문력의 30%+추가 공격력의 5%+추가 체력의 2%에 해당하는 마법 피해 를 입힙니다.  자동의 길:  강타를 5회 사용하면 이 아이템을 소모해 자동 강타를 업그레이드하며 몬스터에게 입히는 피해가 증가합니다.  사냥꾼:  대형 몬스터 처치 시 추가 경험치를 얻습니다.  만회:  정글 또는 강에 있을 때 초당 8~18(레벨에 비례)의 마나를 회복합니다.    이 아이템을  소모 하면 모든 아이템의 효과를 영구히 얻고 몬스터에게 입히는 강타 피해가 증가합니다. 정글 몬스터보다 미니언으로부터 더 많은 골드를 획득했다면, 미니언으로부터 얻는 골드와 경험치가 크게 감소합니다. 광역 공격 시에는 체력 회복 감소 효과가 적용되지 않습니다. 게임의 평균 챔피언 레벨보다 2레벨 뒤쳐졌다면 몬스터 처치 시 추가 경험치를 얻습니다.    ",350,140
17,1042,단검,1042.png,  공격 속도  12%    ,300,210
18,1043,곡궁,1043.png,  공격 속도  25%     강철 촉:  기본 공격 시  15의 물리 피해 ( 적중 시  )를 입힙니다.  ,1000,700
19,1052,증폭의 고서,1052.png,  주문력  20    ,435,305
20,1053,흡혈의 낫,1053.png,  공격력  15  생명력 흡수  10%    ,900,630
21,1054,도란의 방패,1054.png,"  체력  80     집중:  미니언에게 기본 공격 시  5의 물리 피해 를 추가로 입힙니다.  회복:  5초마다  체력을 6  회복합니다.  견디기:  챔피언, 대형 정글 몬스터, 에픽 정글 몬스터에게 피해를 입으면 8초 동안 최대  40의 체력 을 회복합니다. 회복량은 체력이 낮을수록 증가합니다.    견디기  원거리 챔피언이 보유하거나 광역 또는 지속 피해를 입었을 때 기본 회복량의 66%만큼 회복합니다.   ",450,180
22,1055,도란의 검,1055.png,  공격력  8  체력  80     전쟁광:   2.5%의 모든 피해 흡혈 을 얻습니다.   광역 피해를 입히거나 소환물을 통해 피해를 입힐 때는 모든 피해 흡혈이 33%로 감소합니다.   ,450,180
23,1056,도란의 반지,1056.png,  주문력  15  체력  70     집중:  미니언에게 기본 공격 시  5의 물리 피해 를 추가로 입힙니다.   흡수:  매초  0.75의 마나 를 회복합니다. 적 챔피언에게 피해를 입히면 10초 동안 회복량이  1.25마나 로 증가합니다. 마나를 회복할 수 없으면 회복량의 50%만큼 체력을 회복합니다.  ,400,160
24,1057,음전자 망토,1057.png,  마법 저항력  50    ,900,630
25,1058,쓸데없이 큰 지팡이,1058.png,  주문력  60    ,1250,875
26,1082,암흑의 인장,1082.png,"  주문력  15  체력  40     영광:  적 챔피언을 처치할 때마다 중첩 2회, 어시스트를 올릴 때마다 중첩 1회가 쌓입니다. 최대 10회까지 쌓을 수 있으며 사망 시 중첩 5회가 사라집니다.  두려움:   영광  중첩 하나당  주문력을 4  얻습니다.   획득한  영광  중첩은 이 아이템과  메자이의 영혼약탈자 에 모두 적용됩니다.   ",350,140
27,1083,수확의 낫,1083.png,  공격력  7    기본 공격 적중 시  체력을 3  회복합니다.  수확:  공격로 미니언 처치 시 추가로  1 골드를 얻습니다. 공격로 미니언을 총 100회 처치하면 즉시  350 의 추가 골드를 얻고  수확  효과가 비활성화됩니다.   ,450,180
28,2003,체력 물약,2003.png,    사용 시 - 소모:  15초에 걸쳐  150의 체력 을 회복합니다.   최대로 보유할 수 있는 체력 물약 수는 5개입니다.   ,50,20
29,2010,굳건한 의지의 완전한 비스킷,2010.png,    사용 시 - 소모:  5초에 걸쳐  잃은 체력 과  마나 의 10%를 회복합니다. 비스킷을 먹거나 팔면 영구히  최대 마나가 50  증가합니다.   ,50,5
30,2015,키르히아이스의 파편,2015.png,  공격 속도  15%     충전 상태:  이동하거나 공격하면 충전 상태로 공격할 수 있습니다.  충격:  충전 상태로 공격 시  80의 마법 피해 를 추가로 입힙니다.  ,700,490
31,2031,충전형 물약,2031.png,    사용 시 - 소모:  충전량을 1회 소모해 12초 동안  125의 체력 을 회복합니다. 충전량은 최대 2회이며 상점 방문 시 다시 채워집니다.  ,150,60
32,2033,부패 물약,2033.png,    사용 시 - 소모:  충전량을 1회 소모해 12초 동안  125의 체력 과  75의 마나 를 회복합니다. 회복되는 동안 적 챔피언에게 기본 공격 및 스킬 사용 시 적을 불태워 3초 동안  15(마나를 회복할 수 없을 때에는 20)의 마법 피해 를 입힙니다. 충전량은 최대 3회이며 상점 방문 시 다시 채워집니다.   광역 또는 지속 피해로 발동된 부패 피해는 피해량이 50%로 감소됩니다.   ,500,200
33,2051,수호자의 뿔피리,2051.png,  체력  150     회복:  5초마다  체력을 20  회복합니다.  불굴의 의지:  적 챔피언의 기본 공격과 스킬 공격 피해량을 15만큼 막아줍니다. (지속 피해 스킬의 경우 25%의 효과)  전설급:  이 아이템은  전설급  아이템으로 간주됩니다.  ,950,665
34,2052,포로 간식,2052.png,,0,0
35,2055,제어 와드,2055.png,    사용 시 - 소모:  주변 지역을 드러내 주는 강력한 제어 와드를 설치합니다. 근처의  투명 한 덫과  위장  중인 적을 드러내고 적의 투명 와드를 감지해 무력화합니다.    최대 2개의 제어 와드를 소지할 수 있습니다. 제어 와드로 다른 제어 와드를 무력화시킬 수 없습니다.   ,75,30
36,2065,슈렐리아의 군가,2065.png,  주문력  40  체력  200  스킬 가속  20  기본 마나 재생  100%     사용 시 -   고무:  주변 아군의  이동 속도를 4초 동안 30%  부여합니다. (재사용 대기시간 75초 ).   동기 부여:  다른 아군 챔피언을 강화하거나 보호하면 둘 다 1.5초 동안  이동 속도가 25%  증가합니다.   신화급 기본 지속 효과:  다른 모든  전설급  아이템에 스킬 가속  5    아군은 4초에 한 번씩만  동기 부여  효과를 받을 수 있습니다.   ,2500,1750
37,2138,강철의 영약,2138.png,"    사용 시 - 소모:  3분 동안  체력이 300 , 강인함이 25% 증가하고, 챔피언이 거대해집니다. 이 효과가 활성화된 동안 이동하면 길이 생겨 그 위의 아군 챔피언들은  이동 속도가 15%  상승합니다.   다른 종류의 영약을 마시면 기존 영약의 효과가 사라집니다.   ",500,200
38,2139,마법의 영약,2139.png,"    사용 시 - 소모:  3분 동안  주문력이 50 ,  마나 재생력이 15%  증가합니다. 활성화된 동안 챔피언이나 포탑에 피해를 입히면  25의 추가 고정 피해 를 입힙니다. (재사용 대기시간 5초)    9 레벨 이상일 때만 구매할 수 있습니다. 마법의 영약 고정 피해 효과는 포탑을 공격할 때 재사용 대기시간이 없습니다. 다른 종류의 영약을 마시면 기존 영약의 효과가 사라집니다.   ",500,200
39,2140,분노의 영약,2140.png,"    사용 시 - 소모:  3분 동안  공격력이 30 , 챔피언 대상  물리 피해 흡혈이 15%  증가합니다.   다른 종류의 영약을 마시면 기존 영약의 효과가 사라집니다.   ",500,200
40,2403,미니언 해체분석기,2403.png,    사용 시 - 소모:  대상 공격로 미니언을 처치합니다. (10초 )  ,0,0
41,2419,초시계 키트,2419.png,    14분 후  초시계 로 바뀝니다. 처치 관여 시 이 시간이 2분씩 감소합니다. 이  초시계 는 상위 아이템을 구매할 때 250골드만큼 기여합니다.   초시계의 원가는 650골드입니다.   ,0,0
42,2420,초시계,2420.png,"    사용 시 -   경직:  1회에 한해 2.5초 동안  무적  및  대상으로 지정할 수 없는 상태 가 되지만, 그동안 아무런 행동도 할 수 없습니다. 이후  망가진 초시계 로 변합니다.  ",650,260
43,2421,망가진 초시계,2421.png,"      조각난 시간:  초시계가 망가졌지만, 업그레이드는 가능합니다.   초시계를 하나 망가뜨린 후에는 상점에서  망가진 초시계 만 살 수 있습니다.   ",650,260
44,2422,약간 신비한 신발,2422.png,  이동 속도  25    추가로  이동 속도가 10  상승합니다. 약간 신비한 신발로 만든 장화는 이 이동 속도 상승 효과가 유지됩니다.  ,300,210
45,2423,완벽한 초시계,2423.png,"    사용 시 -   경직:  1회에 한해 2.5초 동안  무적  및  대상으로 지정할 수 없는 상태 가 되지만, 그동안 아무런 행동도 할 수 없습니다. 이후  망가진 초시계 로 변합니다.  ",650,260
46,2424,망가진 초시계,2424.png,"      조각난 시간:  초시계가 망가졌지만, 업그레이드는 가능합니다.   초시계를 하나 망가뜨린 후에는 상점에서  망가진 초시계 만 살 수 있습니다.   ",650,260
47,3001,저녁갑주,3001.png,  체력  200  스킬 가속  20  방어력  30  마법 저항력  30     광휘:  챔피언을  이동 불가  상태로 만들거나 자신이  이동 불가  상태가 되면 5초 동안 대상과 주변 적 챔피언들이 받는 피해가 12% 증가합니다.    신화급 기본 지속 효과:  다른 모든  전설급  아이템에  방어력 및 마법 저항력 5   ,2500,1750
48,3003,대천사의 지팡이,3003.png,  주문력  60  마나  500  체력  200     경탄:   추가 마나의 0.5% 만큼 스킬 가속을 얻습니다.  마나 충전:  대상에게 스킬을 적중시키면 중첩을 하나 소모해  3의 추가 마나 를 얻습니다. 챔피언 대상으로는 두 배로 적용됩니다. 추가 마나가 최대치인 360에 도달하면  대천사의 포옹 으로 변합니다.   8초마다 새로운  마나 충전  중첩을 얻습니다. (최대 4)   ,3000,2100
49,3004,마나무네,3004.png,  공격력  35  마나  500  스킬 가속  15     경탄:   공격력을 최대 마나의 2.5% 만큼 추가로 얻습니다.   마나 충전:  대상에게 스킬 또는 기본 공격을 적중시키면 중첩을 하나 소모해  3의 추가 마나 를 얻습니다. 챔피언 대상으로는 두 배로 적용됩니다. 추가 마나가 최대치인 360에 도달하면  무라마나 로 변합니다.   8초마다 새로운  마나 충전  중첩을 얻습니다. (최대 4)   ,2900,2030
50,3006,광전사의 군화,3006.png,  공격 속도  35%  이동 속도  45    ,1100,770
51,3009,신속의 장화,3009.png,  이동 속도  60    이동 속도 둔화 효과가 25% 줄어듭니다.  ,900,630
52,3011,화학공학 부패기,3011.png,  주문력  55  스킬 가속  20  기본 마나 재생  100%     버섯 독소:  챔피언에게 마법 피해를 입히면 3초 동안  40%의 고통스러운 상처 를 남깁니다. 다른 아군을 치유하거나 보호막을 씌워주면 자신과 대상 아군 모두 강화되어 다음번 적 챔피언에게 피해를 입힐 때  60%의 고통스러운 상처 를 남깁니다.    고통스러운 상처 는 치유 및 회복 효과를 감소시킵니다.   ,2300,1610
53,3020,마법사의 신발,3020.png,  마법 관통력  18  이동 속도  45    ,1100,770
54,3024,얼음 방패,3024.png,  방어력  20  마나  250  스킬 가속  10    ,900,630
55,3026,수호 천사,3026.png,"  공격력  40  방어력  40     구원의 은총:  치명적인 피해를 입으면 4초 동안 경직에 걸린 다음  기본 체력의 50% ,  최대 마나의 30% 를 회복합니다. (재사용 대기시간 300초)  ",2800,1120
56,3031,무한의 대검,3031.png,  공격력  70  치명타 확률  20%     완벽:  치명타 확률이 60% 이상일 경우 치명타 피해량이 35% 증가합니다.  ,3400,2380
57,3033,필멸자의 운명,3033.png,  공격력  25  공격 속도  25%  치명타 확률  20%  이동 속도  7%     패혈증:  적 챔피언에게 물리 피해를 입히면 3초 동안  40%의 고통스러운 상처 를 남깁니다. 적 챔피언에게 기본 공격을 연속으로 3회 가하면 지속시간 동안 대상 챔피언이 받는  고통스러운 상처 효과가 60% 로 증가합니다.    고통스러운 상처 는 치유 및 회복 효과를 감소시킵니다.   ,2500,1750
58,3035,최후의 속삭임,3035.png,  공격력  20  방어구 관통력  20%    ,1450,1015
59,3036,도미닉 경의 인사,3036.png,  공격력  30  치명타 확률  20%  방어구 관통력  35%     거인 학살자:  자신보다 최대 체력이 높은 적 챔피언에게 최대  15%의 추가 물리 피해 를 입힙니다.   체력 차이가 2000 이상일 때 추가 피해량이 최대가 됩니다.   ,3000,2100
60,3040,대천사의 포옹,3040.png,"  주문력  80  마나  860  체력  250     경탄:   추가 마나의 1.3% 만큼 스킬 가속을 얻습니다.  창공:  소모한  마나 의 35%만큼, 시전당 최대 25~50(+주문력의 10%)의  체력 을 회복합니다. 활성화/비활성화가 가능한 스킬은 초당 최대 같은 양의 체력을 회복합니다.   ",3000,2100
61,3041,메자이의 영혼약탈자,3041.png,"  주문력  20  체력  100     영광:  적 챔피언을 처치할 때마다 중첩 4회, 어시스트를 올릴 때마다 중첩 2회가 쌓입니다. 최대 25회까지 쌓을 수 있으며 사망 시 중첩 10회가 사라집니다.  두려움:   영광  중첩 하나당  주문력을 5  얻습니다. 10중첩 이상일 때  이동 속도가 10%  상승합니다.   획득한  영광  중첩은 이 아이템과  암흑의 인장 에 모두 적용됩니다.   ",1600,1120
62,3042,무라마나,3042.png,  공격력  35  마나  860  스킬 가속  15     경탄:   공격력을 최대 마나의 2.5% 만큼 추가로 얻습니다.   충격:  챔피언에게 기본 공격 시  최대 마나의 1.5%에 해당하는 물리 피해 ( 적중 시  )를 추가로 입힙니다. 스킬로 챔피언에게 피해를 입히면  최대 마나의 일부(근접 챔피언의 경우 3.5% | 원거리 챔피언의 경우 2.7%)+총 공격력의 6%에 해당하는 물리 피해 를 추가로 입힙니다.  ,3000,2100
63,3044,탐식의 망치,3044.png,  공격력  15  체력  200     완강:  챔피언에게 물리 피해를 입히면 6초 동안  최대 체력의 2% 만큼 회복합니다.   원거리 챔피언의 경우 회복량이 50%로 감소합니다.   ,1100,770
64,3046,유령 무희,3046.png,  공격력  20  공격 속도  25%  치명타 확률  20%  이동 속도  7%     망령의 왈츠:  기본 공격을 가하면  유체화  상태가 되어 3초 동안  이동 속도가 7%  상승합니다. 또한 기본 공격을 4회 가하면 망령의 왈츠 효과가  공격 속도를 30%  상승시킵니다.    유체화  상태인 유닛은 다른 유닛과 충돌하지 않습니다.   ,2600,1820
65,3047,판금 장화,3047.png,  방어력  20  이동 속도  45    기본 공격으로 받는 피해량이 12% 감소합니다.  ,1100,770
66,3050,지크의 융합,3050.png,  체력  250  방어력  25  마나  250  스킬 가속  20     사용 시 -   전도체:  한 명을  동료 로 지정합니다. (재사용 대기시간 60초)   융합:  적을  이동 불가  상태로 만들면 8초 동안  동료 의 기본 공격과 스킬이 해당 적에게  30~70(레벨에 비례)의 마법 피해 를 추가로 입힙니다.   지크의 융합 결속은 한 번에 하나만 가능합니다.   ,2400,1680
67,3051,온기가 필요한 자의 도끼,3051.png,  공격력  15  공격 속도  15%     민첩:  유닛에게 기본 공격을 가하면 2초 동안  이동 속도가 (20 | 원거리 챔피언의 경우 10)  상승합니다.  ,1100,770
68,3053,스테락의 도전,3053.png,  공격력  50  체력  400     피의 갈망:  챔피언에게 피해를 입히거나 받으면 중첩을 1회 얻어 6초 동안  최대 체력의 2% | 원거리 챔피언의 경우 최대 체력의 1.2% 만큼 회복합니다. 중첩 2회부터는 회복량이 50% 감소합니다.  생명선:  체력이 30% 밑으로 떨어질 만큼 피해를 입으면 4초 동안  100+ 피의 갈망  중첩당 (최대 체력의 8% | 원거리 챔피언의 경우 최대 체력의 4.8%)에 해당하는 피해를 흡수하는 보호막 을 얻습니다. (재사용 대기시간 60초)    피의 갈망 은 챔피언당 하나씩 최대 5회까지 중첩되며 원거리 챔피언의 경우 회복량 및 추가 보호막 흡수량이 60%로 감소합니다.   ,3100,2170
69,3057,광휘의 검,3057.png,      주문 검:  스킬을 사용하고 나면 다음 기본 공격 시  기본 공격력의 100%에 해당하는 물리 피해 ( 적중 시  )를 추가로 입힙니다. (재사용 대기시간 1.5초)   ,700,490
70,3065,정령의 형상,3065.png,  체력  450  마법 저항력  40  스킬 가속  10  기본 체력 재생  100%     무한한 활력:  자신이 받는 모든 체력 회복 및 보호막 효과가 25% 증가합니다.  ,2900,2030
71,3066,비상의 월갑,3066.png,  체력  150     비행:   이동 속도가 5%  상승합니다.  ,800,560
72,3067,점화석,3067.png,  체력  200  스킬 가속  10    ,800,560
73,3068,태양불꽃 방패,3068.png,"  체력  350  방어력  35  마법 저항력  35  스킬 가속  20     불사르기:  피해를 받거나 입히면 주변 적들에게 3초 동안 초당  20~40(레벨에 비례)+추가 체력의 1%에 해당하는 마법 피해 를 입힙니다. (미니언 대상 25%, 몬스터 대상 150% 증가) 챔피언이나 에픽 몬스터에게 이 효과로 피해를 입히면 중첩이 1회 쌓여 다음  불사르기  피해량이 5초 동안 12% 증가합니다. (최대 6회 중첩)  불의 손길:   불사르기  중첩이 최대가 되면 기본 공격 시 주변 적들을 불태워 3초 동안  불사르기  피해를 입힙니다.   신화급 기본 지속 효과:  다른 모든  전설급  아이템에 강인함 및 둔화 저항  5%  및 체력  50   ",3200,2240
74,3070,여신의 눈물,3070.png,  마나  240     집중:  미니언에게 기본 공격 시  5의 물리 피해 를 추가로 입힙니다.  마나 충전:  대상에게 스킬을 적중시키면 중첩을 하나 소모해  3의 추가 마나 를 얻습니다. 챔피언 대상으로는 두 배로 적용됩니다. 추가 마나는 최대 360까지 얻을 수 있습니다.   8초마다 새로운  마나 충전  중첩을 얻습니다. (최대 4)   ,400,280
75,3071,칠흑의 양날 도끼,3071.png,  공격력  40  체력  450  스킬 가속  25     깎아내기:  챔피언에게 물리 피해를 가하면 6초 동안  방어력을 5% 감소 시키는 중첩을 1회 적용합니다. (최대  방어력 30% 감소 )  분노:  챔피언에게 물리 피해를 가하면 2초 동안 적용된  깎아내기  중첩 하나당 이동 속도가 3 상승합니다.  ,3100,2170
76,3072,피바라기,3072.png,  공격력  55  치명타 확률  20%  생명력 흡수  20%     영액의 보호막:  기본 공격으로 최대 체력 이상 생명력 흡수가 가능합니다. 체력 회복 초과분은  50~350(레벨에 비례)의 피해를 흡수하는 보호막 으로 전환되며 25초간 피해를 주거나 입지 않으면 서서히 사라집니다.  ,3400,2380
77,3074,굶주린 히드라,3074.png,"  공격력  65  스킬 가속  20  모든 피해 흡혈  10%     쪼개기:  기본 공격과 스킬 적중 시 대상 주변 적들에게  공격력의 60%에 해당하는 물리 피해 를 입힙니다.   범위 끝의 유닛들은 공격력의 12%에 해당하는 피해만 입으며, 기본 공격 또는 스킬당 하나의 대상에게만 발동됩니다. 지속 피해에는 발동되지 않습니다. 구조물에는 쪼개기가 발동되지 않습니다.     ",3300,2310
78,3075,가시 갑옷,3075.png,"  체력  350  방어력  60     가시:  기본 공격에 맞으면 공격한 적에게  10+추가 방어력의 10%에 해당하는 마법 피해 를 입히고, 대상이 챔피언일 경우 3초 동안 40%의  고통스러운 상처 를 남깁니다. 적 챔피언을 이동 불가 상태로 만들면 3초 동안 60%의  고통스러운 상처 를 남깁니다.    고통스러운 상처 는 치유 및 회복 효과를 감소시킵니다.   ",2700,1890
79,3076,덤불 조끼,3076.png,"  방어력  30     가시:  기본 공격에 맞으면 공격한 적에게  3의 마법 피해 를 입히고, 대상이 챔피언일 경우 3초 동안  40%의 고통스러운 상처 를 남깁니다.    고통스러운 상처 는 치유 및 회복 효과를 감소시킵니다.   ",800,560
80,3077,티아맷,3077.png,  공격력  25     쪼개기:  기본 공격 시 주변 적들에게 최대  공격력의 60%에 해당하는 물리 피해 를 입힙니다.    최대 거리에 있는 적에게는 공격력의 12%에 해당하는 피해만 입힙니다. 구조물에는 쪼개기가 발동되지 않습니다.    ,1200,840
81,3078,삼위일체,3078.png,"  공격력  35  공격 속도  30%  체력  200  스킬 가속  20     삼중 공격:  기본 공격 시 3초 동안  이동 속도가 20  상승합니다. 대상이 챔피언이면 추가로 3초 동안  기본 공격력이 6%  증가하며, 최대 5회 중첩됩니다. (최대 추가 공격력:  30% )  주문 검:  스킬을 사용하고 나면 다음 기본 공격 시  기본 공격력의 200%에 해당하는 물리 피해 ( 적중 시  )를 추가로 입힙니다. (재사용 대기시간 1.5초)    신화급 기본 지속 효과:  다른 모든  전설급  아이템에 공격력  3 , 스킬 가속  3 , 이동 속도   3   ",3333,2333
82,3082,파수꾼의 갑옷,3082.png,  방어력  40     견고:  기본 공격으로 받는 피해량이 5+(최대 체력의 0.35%)까지 감소합니다. 이 수치는 피해량의 40%를 넘을 수 없습니다.  ,1000,700
83,3083,워모그의 갑옷,3083.png,"  체력  800  스킬 가속  10  기본 체력 재생  200%     워모그의 심장:  추가 체력이 1100 이상일 때, 6초 동안 피해를 입지 않으면 초당  최대 체력의 5% 만큼 회복합니다. (챔피언이 아닌 대상에게는 3초)  ",3000,2100
84,3085,루난의 허리케인,3085.png,"  공격 속도  45%  치명타 확률  20%  이동 속도  7%     바람의 분노:  기본 공격 시 대상 주변 최대 2명의 적에게 작은 탄환을 발사하여, 각각  공격력의 40%에 해당하는 물리 피해 를 입힙니다. 이 탄환에는 치명타 및 적중 시 효과가 적용됩니다.   원거리 챔피언 전용 아이템입니다.   ",2600,1820
85,3086,열정의 검,3086.png,  공격 속도  18%  치명타 확률  15%     열광:   이동 속도가 7%  상승합니다.  ,1050,735
86,3089,라바돈의 죽음모자,3089.png,  주문력  120     신비한 작품:  총  주문력이 35%  증가합니다.  ,3600,2520
87,3091,마법사의 최후,3091.png,  공격력  40  공격 속도  40%  마법 저항력  50     난투:  기본 공격 시  15~80(레벨에 비례)의 마법 피해 ( 적중 시  )를 입히고 2초 동안  이동 속도가 20  상승합니다.  ,3100,2170
88,3094,고속 연사포,3094.png,  공격 속도  35%  치명타 확률  20%  이동 속도  7%     충전 상태:  이동하거나 공격하면 충전 상태로 공격할 수 있습니다.  저격수:  충전 상태로 공격 시  120의 추가 마법 피해 를 입히며 사거리가 35% 증가합니다.   사거리는 최대 150까지만 증가할 수 있습니다.   ,2500,1750
89,3095,폭풍갈퀴,3095.png,  공격력  40  공격 속도  15%  치명타 확률  20%     충전 상태:  이동하거나 공격하면 충전 상태로 공격할 수 있습니다.  마비:  충전 상태로 공격 시  120의 추가 마법 피해 를 입힙니다. 충전 효과로 0.5초 동안 적을 75% 둔화시킵니다.   ,2700,1890
90,3100,리치베인,3100.png,  주문력  75  이동 속도  8%     주문 검:  스킬을 사용하고 나면 다음 기본 공격 시  기본 공격력의 150%+주문력의 40%에 해당하는 마법 피해 ( 적중 시  )를 추가로 입힙니다. (재사용 대기시간 2.5초)  ,3000,2100
91,3102,밴시의 장막,3102.png,  주문력  80  마법 저항력  45  스킬 가속  10     무효화:  적의 다음 스킬을 막아 주는 주문 방어막을 생성합니다. (재사용 대기시간 40초)   효과가 다시 활성화되기 전에 챔피언으로부터 피해를 입으면 재사용 대기시간이 초기화됩니다.   ,2600,1820
92,3105,군단의 방패,3105.png,  방어력  30  마법 저항력  30  스킬 가속  10    ,1400,980
93,3107,구원,3107.png,  체력 회복 및 보호막  20%  체력  200  스킬 가속  15  기본 마나 재생  100%     사용 시 -   중재:  5500 거리 안의 위치를 지정합니다. 2.5초 후 빛을 한 줄기 불러와 아군의  체력을 200~400(아군 레벨에 비례) 만큼 회복시키고 적 챔피언에게  최대 체력의 10%에 해당하는 고정 피해 를 입힙니다. (재사용 대기시간 90초)   죽은 상태로도 사용할 수 있습니다. 대상이 최근 다른 챔피언의  중재  효과를 받은 경우 효과가 50% 감소합니다. 레벨 비례 효과는 아군의 레벨에 따라 상승합니다.   ,2300,1610
94,3108,악마의 마법서,3108.png,  주문력  35  스킬 가속  10    ,900,630
95,3109,기사의 맹세,3109.png,  체력  400  스킬 가속  10  기본 체력 재생  150%     사용 시 -   맹세:   보호 할 아군을 대상으로 지정합니다. (재사용 대기시간 60초)   희생:   보호  중인 아군이 근처에 있으면 아군이 입는 피해량의 10%를 대신 입고  보호  중인 아군이 챔피언에게 가하는 피해량의 8%만큼 체력을 회복합니다. 해당 아군의 체력이 30% 아래라면 피해량 감소 효과가  20% 로 증가합니다.   한 번에 한 명의 챔피언만 기사의 맹세로 연결될 수 있습니다. 자신의 체력이 30% 아래로 떨어지면 피해를 대신 입지 않습니다.   ,2300,1610
96,3110,얼어붙은 심장,3110.png,"  방어력  80  마나  400  스킬 가속  20     혹한의 포옹:  주변 적의  공격 속도 를 20%만큼 감소시킵니다.  견고:  기본 공격으로 받는 피해량이 7+최대 체력 1,000당 3.5까지 감소합니다. 이 수치는 피해량의 40%를 넘을 수 없습니다.  ",2500,1750
97,3111,헤르메스의 발걸음,3111.png,"  마법 저항력  25  이동 속도  45  강인함  30%     강인함이 증가해  기절 ,  둔화 ,  도발 ,  공포 ,  침묵 ,  실명 ,  변이  및  이동 불가  효과의 지속시간이 감소합니다.  공중에 뜨거나   제압  당했을 때는 효과가 없습니다.   ",1100,770
98,3112,수호자의 보주,3112.png,  주문력  40  체력  150     회복:  5초마다  10의 마나 를 회복합니다. 마나를 획득할 수 없으면  15의 체력 을 회복합니다.  전설급:  이 아이템은  전설급  아이템으로 간주됩니다.  ,950,665
99,3113,에테르 환영,3113.png,  주문력  30     활공:   이동 속도가 5%  상승합니다.  ,850,595
100,3114,금지된 우상,3114.png,  기본 마나 재생  50%  체력 회복 및 보호막  10%    ,800,560
101,3115,내셔의 이빨,3115.png,  주문력  100  공격 속도  50%     이케시아의 이빨:  기본 공격 시  (15+주문력의 20%에 해당하는 마법 피해 ( 적중 시  )를 입힙니다.  ,3000,2100
102,3116,라일라이의 수정홀,3116.png,  주문력  90  체력  350     서리:  스킬로 적에게 피해를 입히면 1초 동안 30%  둔화 시킵니다.  ,3000,2100
103,3117,기동력의 장화,3117.png,   이동 속도  25   5초 동안 전투에서 벗어나 있으면 이동 속도가  115  상승합니다.  ,1000,700
104,3119,혹한의 손길,3119.png,  체력  400  마나  500  스킬 가속  15     경탄:   총 마나의 8%만큼 체력 을 추가로 얻습니다.  마나 충전:  대상에게 스킬 또는 기본 공격을 적중시키면 중첩을 하나 소모해  3의 추가 마나 를 얻습니다. 챔피언 대상으로는 두 배로 적용됩니다. 추가 마나가 최대치인 360에 도달하면  종말의 겨울 로 변합니다.   8초마다 새로운  마나 충전  중첩을 얻습니다. (최대 4)   ,2600,1820
105,3121,종말의 겨울,3121.png,  체력  400  마나  860  스킬 가속  15    경탄:   총 마나의 8%만큼 체력 을 추가로 얻습니다.  불변:  적 챔피언을  이동 불가  또는  둔화  (근접 챔피언 전용) 상태로 만들면  현재 마나의 3% 를 소모해 3초 동안  100~200+현재 마나의 5% 의 피해를 흡수하는 보호막을 얻습니다. (8초 ) 근처에 적이 둘 이상 있으면 보호막의 피해 흡수량이  80%  증가합니다.   이 효과는 마나가 20%보다 많을 때만 활성화됩니다.   ,2600,1820
106,3123,처형인의 대검,3123.png,  공격력  15     뽑아 찢기:  챔피언에게 물리 피해를 입히면 3초 동안  40%의 고통스러운 상처 를 남깁니다.     고통스러운 상처 는 치유 및 회복 효과를 감소시킵니다.   ,800,560
107,3124,구인수의 격노검,3124.png,  공격 속도  45%  치명타 확률  20%     분노:  치명타 확률이  적중 시  의 피해량으로 전환됩니다. 치명타 확률 20%당  40 의 피해( 적중 시  )를 입힙니다.  들끓는 일격:  세 번째 기본 공격을 가할 때마다 적중 시 효과가 두 번 적용됩니다.   치명타 확률이 100%가 되면  분노  효과가 최대가 됩니다.  분노 의 적중 시 피해량은 치명타 피해량 관련 능력치에 따라 증가합니다.    ,2600,1820
108,3133,콜필드의 전투 망치,3133.png,  공격력  25  스킬 가속  10    ,1100,770
109,3134,톱날 단검,3134.png,  공격력  30     도려내기:   물리 관통력이 10  증가합니다.  ,1100,770
110,3135,공허의 지팡이,3135.png,  주문력  65  마법 관통력  45%    ,2800,1960
111,3139,헤르메스의 시미터,3139.png,"  공격력  40  치명타 확률  20%  마법 저항력  30     사용 시 -   수은:  챔피언에 걸린 모든 군중 제어 효과( 공중에 뜸  제외)를 제거하고, 1초 동안  이동 속도가 50%  상승합니다. (재사용 대기시간 90초)  ",3000,2100
112,3140,수은 장식띠,3140.png,  마법 저항력  30     사용 시 -   수은:  모든 군중 제어 효과( 공중에 뜸  제외)가 제거됩니다. (재사용 대기시간 90초)   ,1300,910
113,3142,요우무의 유령검,3142.png,  공격력  55  물리 관통력  18  스킬 가속  15     사용 시 -   망령의 발걸음:  6초 동안  이동 속도가 20%  상승하고  유체화  상태가 됩니다. (재사용 대기시간 45초)   출몰:  전투에서 벗어나 있을 때  이동 속도가 40  상승합니다.    유체화  상태인 유닛은 다른 유닛과 충돌하지 않습니다.   ,3000,2100
114,3143,란두인의 예언,3143.png,"  체력  250  방어력  80  스킬 가속  10     사용 시 -   억제:  근처 적들을 잠깐  둔화 하고 4초 동안  공격력 을 10%, 치명타 피해량을 20% 감소시킵니다. (재사용 대기시간 60초)   견고:  기본 공격으로 받는 피해량이 5+(최대 체력의 0.35%)까지 감소합니다. 이 수치는 피해량의 40%를 넘을 수 없습니다.  ",2700,1890
115,3145,마법공학 교류 발전기,3145.png,  주문력  25  체력  150     자극:  챔피언에게 피해를 입히면  50~125(레벨에 비례)의 마법 피해 를 추가로 입힙니다. (재사용 대기시간 40초)  ,1050,735
116,3152,마법공학 로켓 벨트,3152.png,  주문력  90  마법 관통력  6  체력  250  스킬 가속  15     사용 시 -   마공학 탄환:  지정 방향으로 돌진하며 부채꼴 모양으로  125+주문력의 15%에 해당하는 마법 피해 를 입히는 마법 탄환을 발사합니다. 그리고 1.5초 동안 적 챔피언 방향으로 이동할 때  이동 속도가 30%  상승합니다. (재사용 대기시간 40초)   신화급 기본 지속 효과:  다른 모든  전설급  아이템에 마법 관통력  5    초음속 돌진으로 지형은 통과할 수 없습니다.   ,3200,2240
117,3153,몰락한 왕의 검,3153.png,  공격력  40  공격 속도  25%  생명력 흡수  10%     안개의 검:  기본 공격 시 근접 챔피언의 경우 대상 현재 체력의 10%(원거리 챔피언의 경우 6%)에 해당하는  물리 피해 ( 적중 시  )를 입힙니다.   흡수:  챔피언에게 3회 기본 공격을 가하면  40~150(레벨에 비례)의 마법 피해 를 입히고 2초 동안 이동 속도를 25% 훔칩니다. (재사용 대기시간 20초)    안개의 검 은 몬스터 및 미니언에게 최대 60의 피해를 입힙니다. 아이템 성능은 근접 챔피언과 원거리 챔피언에게 각각 다르게 적용됩니다.   ,3200,2240
118,3155,주문포식자,3155.png,  공격력  20  마법 저항력  35     생명선:  마법 피해를 받아 체력이 30% 이하가 될 경우 3초 동안  110~280(레벨에 비례)의 마법 피해를 흡수하는 보호막 을 얻습니다. (재사용 대기시간 90초)  ,1300,910
119,3156,맬모셔스의 아귀,3156.png,  공격력  50  마법 저항력  50  스킬 가속  15     생명선:  마법 피해를 받아 체력이 30% 이하가 될 경우 5초 동안  200+최대 체력의 20%에 해당하는 마법 피해를 흡수하는 보호막 을 얻습니다. (재사용 대기시간 60초)  ,2800,1960
120,3157,존야의 모래시계,3157.png,"  주문력  65  방어력  45  스킬 가속  10     사용 시 -   경직:  2.5초 동안  무적  및  대상으로 지정할 수 없는 상태 가 되지만, 그동안 아무런 행동도 할 수 없습니다. (재사용 대기시간 120초)  ",2600,1820
121,3158,명석함의 아이오니아 장화,3158.png,  스킬 가속  20  이동 속도  45    소환사 주문 가속이 12 증가합니다.   ''CLE 20년 12월 10일 남부 지방의 패권을 두고 벌어진 녹서스와의 재경합에서 아이오니아의 승리를 기념하는 헌정 아이템입니다.''   ,950,665
122,3165,모렐로노미콘,3165.png,  주문력  80  체력  250     괴로움:  적 챔피언에게 마법 피해를 입히면 3초 동안  40%의 고통스러운 상처  를 남깁니다. 대상의 체력이 50% 이하라면  고통스러운 상처의 효과가 60% 로 증가합니다.    고통스러운 상처 는 치유 및 회복 효과를 감소시킵니다.   ,2500,1750
123,3177,수호자의 검,3177.png,  공격력  30  체력  150  스킬 가속  15     전설급:  이 아이템은  전설급  아이템으로 간주됩니다.  ,950,665
124,3179,그림자 검,3179.png,"  공격력  50  물리 관통력  10  스킬 가속  15     암전:  적 와드에 발각되면 8초간 암전을 일으켜 근처의 투명한 덫과 와드를 드러내고, 추가로 와드를 무력화시킵니다. (재사용 대기시간 45초) 모습이 드러난 덫은 기본 공격 시 즉시 파괴되며 와드는 세 배의 피해를 입습니다.  ",2400,1680
125,3181,선체파괴자,3181.png,  공격력  50  체력  400  기본 체력 재생  150%     승선 부대:  근처에 아군 챔피언이 없으면  방어력 과  마법 저항력 을 20~45 획득하고 포탑에 입히는 피해가 20% 증가합니다. 주변에 있는 대형 미니언은  방어력 과  마법 저항력 을 60~135 획득하고 포탑에 입히는 피해가 200% 증가합니다.    아군 챔피언이 너무 가까이 오면 승선 부대 효과로 얻은 방어력과 마법 저항력이 3초에 걸쳐 사라집니다.    ,2800,1960
126,3184,수호자의 망치,3184.png,  공격력  25  체력  150  생명력 흡수  10%     전설급:  이 아이템은  전설급  아이템으로 간주됩니다.  ,950,665
127,3190,강철의 솔라리 펜던트,3190.png,  체력  200  스킬 가속  20  방어력  30  마법 저항력  30     사용 시 -   헌신:  주변 아군들에게  230~385(아군 레벨에 비례)의 피해를 흡수하는 보호막 을 부여합니다. 보호막 피해 흡수량은 2.5초에 걸쳐 점차 감소합니다. (재사용 대기시간 90초)    전념:  주변 아군들에게  5의 방어력 과  마법 저항력 을 부여합니다.    신화급 기본 지속 효과:  다른 모든  전설급  아이템에  전념 으로 방어력 및 마법 저항력  2  증가   레벨 비례 효과는 아군의 레벨에 따라 상승합니다. 20초 안에  헌신  보호막을 연속으로 사용하면 25%의 효과만 적용됩니다.   ,2500,1750
128,3191,추적자의 팔목 보호대,3191.png,  주문력  20  방어력  15     마법사의 길:  유닛을 처치하면  방어력이 0.5  (최대  15 ) 증가합니다.  ,1000,700
129,3193,가고일 돌갑옷,3193.png,  방어력  60  마법 저항력  60  스킬 가속  15     사용 시 -   불굴:  2.5초 동안 크기가 25% 커지며  100+추가 체력의 100%에 해당하는 피해를 흡수하는 보호막 을 얻습니다. (재사용 대기시간 90초)   구축:  챔피언에게 피해를 받으면 중첩을 1회 얻어 6초 동안  5%의 추가 방어력 과  5%의 추가 마법 저항력 을 얻습니다.   챔피언당 하나씩 최대 5회까지 중첩됩니다.   ,3200,2240
130,3211,망령의 두건,3211.png,  체력  250  마법 저항력  25     무형:  챔피언에게 피해를 입으면 최대 10초 동안  기본 체력 재생이 150%  증가합니다. (지속시간은 입은 피해량에 비례)  ,1250,875
131,3222,미카엘의 축복,3222.png,  체력 회복 및 보호막  20%  마법 저항력  50  스킬 가속  15  기본 마나 재생  100%     사용 시 -   정화:  아군 챔피언에게 걸린 모든 군중 제어 효과( 공중에 뜸  및  제압  제외)를 제거하고  체력을 100~200 (아군 레벨에 비례)  회복합니다. (재사용 대기시간 120초)  ,2300,1610
132,3330,허수아비,3330.png,"   팔 수 없음   사용 시 - 장신구:  적에게 피들스틱과 똑같아 보이는 허수아비를 설치합니다. 허수아비는 130~300(레벨에 비례)초 동안 유지됩니다. 115~30(레벨에 비례)초마다 1회 충전되며, 최대 2회까지 충전됩니다.  적 챔피언이 가까이 다가가면 허수아비가 작동되어, 무작위 행동을 취한 후 파괴됩니다.  ",0,0
133,3340,투명 와드,3340.png,    사용 시 - 장신구:  아군 모두에게  90~120 초 동안 주변 지역을 밝혀 주는  투명  와드 하나를 지면에 설치합니다. 투명 와드는 최대 2개까지 보유할 수 있으며  240~120 초마다 하나씩 생성됩니다.   ,0,0
134,3363,망원형 개조,3363.png,    사용 시 - 장신구:  누구나 볼 수 있고 쉽게 파괴 가능한 와드를 설치해 주변 지역을 드러냅니다. 최대 4000 유닛 범위까지 설치 가능하며 아군이 소환사 주문이나 스킬의 대상으로 지정할 수 없습니다.  (재사용 대기시간 198~99초)   ,0,0
135,3364,예언자의 렌즈,3364.png,    사용 시 - 장신구:  10초 동안 근처를 수색해 적 유닛이 숨어 있으면 경고를 보내며 주변의 투명한 덫을 드러냅니다. 또한 적의 투명 와드를 드러내고 잠시 무력화시킵니다.  (재사용 대기시간 90~60초)   ,0,0
136,3400,수당,3400.png,    사용 시 - 소모:  0골드를 획득합니다.   파이크가 궁극기로 적 챔피언을 처형했을 때 아군에게 주는 보너스 골드입니다. 처치에 관여한 아군이 없다면 파이크가 수당을 챙깁니다.   ,0,0
137,3504,불타는 향로,3504.png,  주문력  60  체력 회복 및 보호막  10%  기본 마나 재생  100%     축성:  다른 아군을 치유하거나 보호막을 씌워주면 6초 동안 자신과 대상 아군의 공격 속도가  10%~30% (아군 레벨에 비례)  상승하고 공격 시  5~20(아군 레벨에 비례)의 마법 피해 ( 적중 시  )를 입힙니다.    레벨 비례 효과는 아군의 레벨에 따라 상승합니다.   ,2300,1610
138,3508,정수 약탈자,3508.png,  공격력  45  치명타 확률  20%  스킬 가속  20     주문 검:  스킬을 사용하고 나면 다음 기본 공격 시  기본 공격력의 100%+추가 공격력의 40%에 해당하는 물리 피해 ( 적중 시  )를 추가로 입히고 추가 피해량의 40%만큼 마나를 회복합니다. (재사용 대기시간 1.5초)  ,2800,1960
139,3513,전령의 눈,3513.png,    사용 시 - 소모:  1초 후에 전령의 눈을 파괴하고  협곡의 전령 을 소환합니다. 소환된 전령은 적 포탑을 공격합니다.    공허의 자취:  전령의 눈을 획득하면  귀환이 강화 됩니다.   전령의 눈을 240초 동안 사용하지 않으면 공허로 사라집니다.   ,0,0
140,3599,칼리스타의 칠흑의 창,3599.png,    사용 시 - 소모:  아군에게 이 게임 동안 결속되는 계약을 제의합니다. 계약이 수락되면 해당 아군과 가까이 있을 때 둘 모두가 강화됩니다.  ,0,0
141,3600,칼리스타의 칠흑의 창,3600.png,    사용 시 - 소모:  아군에게 이 게임 동안 결속되는 계약을 제의합니다. 계약이 수락되면 해당 아군과 가까이 있을 때 둘 모두가 강화됩니다.    칼리스타 가 궁극기를 사용할 때 필요합니다.   ,0,0
142,3742,망자의 갑옷,3742.png,  체력  300  방어력  45  이동 속도  5%    침몰시키는 자:  이동 시 최대  40의 추가 이동 속도 를 얻습니다. 다음 기본 공격 시 최대  40(+기본 공격력의 100%)의 물리 피해 를 입히고 추가 이동 속도를 잃습니다. 착용자가 근접 챔피언일 경우 최고 속도에서 기본 공격 시 1초 동안 대상을 50%  둔화  시킵니다.   ''내 갑옷을 뺏을 방도는 하나뿐이다...'' - 무명씨   ,2900,2030
143,3748,거대한 히드라,3748.png,"  공격력  30  체력  500     파괴전차:   공격력을 추가 체력의 2% 만큼 추가로 얻습니다.  쪼개기:  기본 공격 시  5+최대 체력의 1.5%에 해당하는 물리 피해 ( 적중 시  )를 추가로 입히고, 충격파를 발산해 대상 뒤의 적들에게  40+최대 체력의 3%에 해당하는 물리 피해 를 입힙니다.   원거리 챔피언은 75%의 피해를 입힙니다.  적중 시  효과는 구조물에도 피해를 입힙니다. 구조물에는 쪼개기의 충격파가 발동되지 않습니다.   ",3300,2310
144,3801,수정 팔 보호구,3801.png,  체력  200  기본 체력 재생  50%    ,650,455
145,3802,사라진 양피지,3802.png,  주문력  40  마나  300  스킬 가속  10     깨우치기:  레벨 업하면 3초 동안  최대 마나의 20% 를 회복합니다.  ,1300,910
146,3814,밤의 끝자락,3814.png,  공격력  50  물리 관통력  10  체력  325     무효화:  적의 다음 스킬을 막아 주는 주문 방어막을 생성합니다. (재사용 대기시간 40초)   효과가 다시 활성화되기 전에 피해를 입으면 재사용 대기시간이 초기화됩니다.   ,2900,2030
147,3850,주문도둑의 검,3850.png,"  주문력  8  체력  10  기본 마나 재생  50%  10초당 골드  2     헌납:  아군 챔피언 근처에 있을 때, 챔피언과 구조물에 피해를 입히는 스킬을 사용하거나 기본 공격 시 20골드를 획득합니다. 30초당 최대 3번까지만 발동합니다.  퀘스트:  이 아이템으로 500골드를 획득하면  얼음 송곳니 로 변하며  사용 시 -   와드 설치  효과를 획득합니다.   너무 많은 미니언을 처치하면 미니언 처치 시 획득하는 골드가 감소합니다.   ",400,160
148,3851,얼음 송곳니,3851.png,"  주문력  15  체력  70  기본 마나 재생  75%  10초당 골드  3     사용 시 -   와드:  아군 모두에게 주변 지역을 밝혀 주는  투명  와드 하나를 지면에 설치합니다. 투명 와드는 최대 0개까지 보유할 수 있으며 상점 방문 시 다시 채워집니다.    사용 시 -   와드:  아군 모두에게 주변 지역을 밝혀 주는  투명  와드 하나를 지면에 설치합니다. 투명 와드는 최대 3개까지 보유할 수 있으며 상점 방문 시 다시 채워집니다.       헌납:  아군 챔피언 근처에 있을 때, 챔피언과 구조물에 피해를 입히는 스킬을 사용하거나 기본 공격 시 20골드를 획득합니다. 30초당 최대 3번까지만 발동합니다.  퀘스트:  이 아이템으로 1000골드를 획득하면  얼음 정수의 파편 으로 변합니다.  ",400,160
149,3853,얼음 정수의 파편,3853.png,  주문력  40  체력  75  기본 마나 재생  100%  10초당 골드  3     사용 시 -   와드:  아군 모두에게 주변 지역을 밝혀 주는  투명  와드 하나를 지면에 설치합니다. 투명 와드는 최대 0개까지 보유할 수 있으며 상점 방문 시 다시 채워집니다.    사용 시 -   와드:  아군 모두에게 주변 지역을 밝혀 주는  투명  와드 하나를 지면에 설치합니다. 투명 와드는 최대 4개까지 보유할 수 있으며 상점 방문 시 다시 채워집니다.   ,400,160
150,3854,강철 어깨 보호대,3854.png,  공격력  3  체력  30  기본 체력 재생  25%  10초당 골드  2    전리품:  아군 챔피언 근처에 있으면 기본 공격 시 최대 체력이 근접 챔피언의 경우 50% (원거리 챔피언의 경우 30%) 이하인 미니언을 즉시 처형하고 가장 가까운 아군 챔피언과 함께 같은 양의 골드를 획득합니다. 이 효과는 35초마다 재충전됩니다. (최대 충전량 3회)  퀘스트:  이 아이템으로 500골드를 획득하면  룬 강철 어깨 갑옷 으로 변하며  사용 시 -   와드 설치  효과를 획득합니다.   너무 많은 미니언을 처치하면 미니언 처치 시 획득하는 골드가 감소합니다.   ,400,160
151,3855,룬 강철 어깨 갑옷,3855.png,  공격력  6  체력  100  기본 체력 재생  50%  10초당 골드  3     사용 시 -   와드:  아군 모두에게 주변 지역을 밝혀 주는  투명  와드 하나를 지면에 설치합니다. 투명 와드는 최대 0개까지 보유할 수 있으며 상점 방문 시 다시 채워집니다.    사용 시 -   와드:  아군 모두에게 주변 지역을 밝혀 주는  투명  와드 하나를 지면에 설치합니다. 투명 와드는 최대 3개까지 보유할 수 있으며 상점 방문 시 다시 채워집니다.    전리품:  아군 챔피언 근처에 있으면 기본 공격 시 최대 체력이 50% 이하인 미니언을 즉시 처형하고 가장 가까운 아군 챔피언과 함께 같은 양의 골드를 획득합니다. 이 효과는 35초마다 재충전됩니다. (최대 충전량 3회)  퀘스트:  이 아이템으로 1000골드를 획득하면  타곤 산의 방벽 으로 변합니다.   ,400,160
152,3857,화이트록의 갑옷,3857.png,  공격력  15  체력  250  기본 체력 재생  100%  10초당 골드  3     사용 시 -   와드:  아군 모두에게 주변 지역을 밝혀 주는  투명  와드 하나를 지면에 설치합니다. 투명 와드는 최대 0개까지 보유할 수 있으며 상점 방문 시 다시 채워집니다.    사용 시 -   와드:  아군 모두에게 주변 지역을 밝혀 주는  투명  와드 하나를 지면에 설치합니다. 투명 와드는 최대 4개까지 보유할 수 있으며 상점 방문 시 다시 채워집니다.   ,400,160
153,3858,고대유물 방패,3858.png,  주문력  5  체력  30  기본 체력 재생  25%  10초당 골드  2    전리품:  아군 챔피언 근처에 있으면 기본 공격 시 최대 체력이 근접 챔피언의 경우 50% (원거리 챔피언의 경우 30%) 이하인 미니언을 즉시 처형하고 가장 가까운 아군 챔피언과 함께 같은 양의 골드를 획득합니다. 이 효과는 35초마다 재충전됩니다. (최대 충전량 3회)  퀘스트:  이 아이템으로 500골드를 획득하면  타곤 산의 방패 로 변하며  사용 시 -   와드 설치  효과를 획득합니다.   너무 많은 미니언을 처치하면 미니언 처치 시 획득하는 골드가 감소합니다.   ,400,160
154,3859,타곤 산의 방패,3859.png,  주문력  10  체력  100  기본 체력 재생  50%  10초당 골드  3     사용 시 -   와드:  아군 모두에게 주변 지역을 밝혀 주는  투명  와드 하나를 지면에 설치합니다. 투명 와드는 최대 0개까지 보유할 수 있으며 상점 방문 시 다시 채워집니다.    사용 시 -   와드:  아군 모두에게 주변 지역을 밝혀 주는  투명  와드 하나를 지면에 설치합니다. 투명 와드는 최대 3개까지 보유할 수 있으며 상점 방문 시 다시 채워집니다.    전리품:  아군 챔피언 근처에 있으면 기본 공격 시 최대 체력이 50% 이하인 미니언을 즉시 처형하고 가장 가까운 아군 챔피언과 함께 같은 양의 골드를 획득합니다. 이 효과는 35초마다 재충전됩니다. (최대 충전량 3회)  퀘스트:  이 아이템으로 1000골드를 획득하면  타곤 산의 방벽 으로 변합니다.   ,400,160
155,3860,타곤 산의 방벽,3860.png,  주문력  20  체력  250  기본 체력 재생  100%  10초당 골드  3     사용 시 -   와드:  아군 모두에게 주변 지역을 밝혀 주는  투명  와드 하나를 지면에 설치합니다. 투명 와드는 최대 0개까지 보유할 수 있으며 상점 방문 시 다시 채워집니다.    사용 시 -   와드:  아군 모두에게 주변 지역을 밝혀 주는  투명  와드 하나를 지면에 설치합니다. 투명 와드는 최대 4개까지 보유할 수 있으며 상점 방문 시 다시 채워집니다.   ,400,160
156,3862,영혼의 낫,3862.png,"  공격력  5  체력  10  기본 마나 재생  25%  10초당 골드  2     헌납:  아군 챔피언 근처에 있을 때, 챔피언과 구조물에 피해를 입히는 스킬을 사용하거나 기본 공격 시 20골드를 획득합니다. 30초당 최대 3번까지만 발동합니다.  퀘스트:  이 아이템으로 500골드를 획득하면  해로윙 초승달낫 으로 변하며  사용 시 -   와드 설치  효과를 획득합니다.   너무 많은 미니언을 처치하면 미니언 처치 시 획득하는 골드가 감소합니다.   ",400,160
157,3863,해로윙 초승달낫,3863.png,"  공격력  10  체력  60  기본 마나 재생  50%  10초당 골드  3     사용 시 -   와드:  아군 모두에게 주변 지역을 밝혀 주는  투명  와드 하나를 지면에 설치합니다. 투명 와드는 최대 0개까지 보유할 수 있으며 상점 방문 시 다시 채워집니다.    헌납:  아군 챔피언 근처에 있을 때, 챔피언과 구조물에 피해를 입히는 스킬을 사용하거나 기본 공격 시 20골드를 획득합니다. 30초당 최대 3번까지만 발동합니다.  퀘스트:  이 아이템으로 1000골드를 획득하면  검은 안개 낫 으로 변합니다.   너무 많은 미니언을 처치하면 미니언 처치 시 획득하는 골드가 감소합니다.   ",400,160
158,3864,검은 안개 낫,3864.png,  공격력  20  체력  75  기본 마나 재생  100%  10초당 골드  3     사용 시 -   와드:  아군 모두에게 주변 지역을 밝혀 주는  투명  와드 하나를 지면에 설치합니다. 투명 와드는 최대 0개까지 보유할 수 있으며 상점 방문 시 다시 채워집니다.    사용 시 -   와드:  아군 모두에게 주변 지역을 밝혀 주는  투명  와드 하나를 지면에 설치합니다. 투명 와드는 최대 4개까지 보유할 수 있으며 상점 방문 시 다시 채워집니다.   ,400,160
159,3916,망각의 구,3916.png,  주문력  30     저주:  챔피언에게 마법 피해를 입히면 3초 동안  40%의 고통스러운 상처 를 남깁니다.    고통스러운 상처 는 치유 및 회복 효과를 감소시킵니다.   ,800,560
160,4005,제국의 명령,4005.png,  주문력  40  체력  200  스킬 가속  20  기본 마나 재생  100%     합동 공격:  챔피언을 스킬로  둔화  또는  이동 불가  상태로 만들면  45~75(레벨에 비례)의 추가 마법 피해 를 입히고 4초 동안 표식을 남깁니다. (챔피언 하나당 재사용 대기시간 6초) 아군이 대상에게 피해를 입히면 표식이 폭발하며  90~150(아군 레벨에 비례)의 마법 피해 를 추가로 가하고 2초 동안 자신과 아군의  이동 속도가 20%  상승합니다.    신화급 기본 지속 효과:  다른 모든  전설급  아이템에 주문력  15     레벨 비례 효과는 아군의 레벨에 따라 상승합니다.   ,2500,1750
161,4401,대자연의 힘,4401.png,  체력  350  마법 저항력  70  이동 속도  5%     흡입:  적 챔피언에게  마법 피해 를 입으면 5초 동안  굳건함  중첩을 1회 얻습니다. (최대 6중첩) 적의  이동 불가  효과를 받으면 추가로 중첩을 2회 얻습니다.  분산:   굳건함 이 6회 중첩되면  20% 감소된 마법 피해 를 받고 이동 속도가 10% 상승합니다.   같은 스킬로는  굳건함  중첩을 1초에 1회만 얻을 수 있습니다.   ,2900,2030
162,4403,황금 뒤집개,4403.png,  공격력  70  주문력  120  공격 속도  50%  치명타 확률  30%  체력  250  방어력  30  마법 저항력  30  마나  250  스킬 가속  20  이동 속도  10%  생명력 흡수  10%  기본 체력 재생  100%  기본 마나 재생  100%     무언가 하고 있음:  영구히 불타오릅니다!  ,7387,5171
163,4628,지평선의 초점,4628.png,"  주문력  85  체력  150  스킬 가속  15     초강력 사격:  700 거리보다 멀리에서 지정하지 않는 스킬로 챔피언에게 피해를 입히거나  둔화 또는 이동 불가  상태로 만들면 대상의  위치를 드러내고  6초 동안 자신이 입히는 피해를 10% 증가시킵니다.     초강력 사격 을 발동하는 스킬 역시 피해량이 증가합니다. 소환물이나 이동 불가 효과가 없는 덫은 이 효과를 발동시키지 않습니다. 범위 지정 스킬은 처음에만 이 효과를 발동시키고, 거리는 사용 시 위치 기준으로 계산됩니다.    ",3000,2100
164,4629,우주의 추진력,4629.png,"  주문력  75  체력  250  스킬 가속  30  이동 속도  5%     마법의 춤:  한 챔피언에게 별개의 기본 공격이나 스킬로 3회 공격하면 적 챔피언과의 전투에서 벗어날 때까지  이동 속도가 20% (상승 효과는  10% 로 점차 감소),  주문력이 40  증가합니다.   ",3000,2100
165,4630,역병의 보석,4630.png,  주문력  25  마법 관통력  15%    ,1250,875
166,4632,신록의 장벽,4632.png,  주문력  20  마법 저항력  25     적응:  유닛을 처치하면  마법 저항력이 0.3  (최대  9 ) 증가합니다.     ,1000,700
167,4633,균열 생성기,4633.png,  주문력  80  체력  300  스킬 가속  15  모든 피해 흡혈  8%     공허의 부패:  적 챔피언에게 피해를 입힐 시 매초 3%의 추가 피해(최대 9%)를 입힙니다. 피해량이 최대가 되면 추가 피해량을  고정 피해 로 전환합니다.    신화급 기본 지속 효과:  다른 모든  전설급  아이템에 모든 피해 흡혈  2%  및 주문력 8  ,3200,2240
168,4635,흡수의 시선,4635.png,  주문력  20  체력  250  모든 피해 흡혈  5%    ,1300,910
169,4636,밤의 수확자,4636.png,  주문력  90  체력  300  스킬 가속  15     영혼 찢기:  챔피언에게 피해를 입히면  125+주문력의 15%에 해당하는 마법 피해 를 추가로 입히고 1.5초 동안  이동 속도가 25%  상승합니다. (챔피언당 재사용 대기시간 40초)   신화급 기본 지속 효과:  다른 모든  전설급  아이템에 스킬 가속  5    다른 챔피언에게 피해를 입히면 이동 속도 추가 효과의 지속시간이 늘어납니다.   ,3200,2240
170,4637,악마의 포옹,4637.png,  주문력  60  체력  450     아자카나의 응시:  스킬 피해를 입히면 4초 동안 적을 불태워 매초 2/1.2% (근접/원거리)의  최대 체력에 비례한 마법 피해 를 입힙니다.   어둠의 계약:   추가 체력 의 2%만큼  주문력 을 얻습니다.   ,3000,2100
171,4638,감시하는 와드석,4638.png,  체력  150  스킬 가속  10     신비로운 상자:  이 아이템은 구매한 제어 와드를 3개까지 저장할 수 있습니다.   지원 퀘스트 를 완수하고 13레벨에 도달하면  경계의 와드석 으로 변합니다.   ,1100,770
172,4642,밴들유리 거울,4642.png,  주문력  20  스킬 가속  10  기본 마나 재생  50%    ,950,665
173,4643,경계의 와드석,4643.png,"  체력  150  스킬 가속  15     신비로운 상자:  이 아이템은 구매한 제어 와드를 3개까지 저장할 수 있습니다.  주시:  투명 와드 및 제어 와드 설치 개수가 1 증가합니다.  이쉬탈의 축복:  추가 체력, 추가 공격력, 스킬 가속, 주문력이 12% 증가합니다.    감시하는 시야석 에서 업그레이드됩니다.   ",1100,770
174,4644,부서진 여왕의 왕관,4644.png,"  주문력  70  체력  250  마나  600  스킬 가속  20     신성한 보호:   보호 를 받아 챔피언으로부터 받는 피해가 75% 감소합니다.  보호  효과는 챔피언에게 피해를 받은 후 1.5초 동안 지속됩니다. (재사용 대기시간 40초)   신의 선물:   보호  상태일 때와 보호 효과가 끝난 뒤 3초 동안  10~40의 주문력 을 얻습니다.    신화급 기본 지속 효과:  다른 모든  전설급  아이템에 이동 속도가  1% , 주문력이 8 증가합니다.  ",2800,1960
175,4645,그림자불꽃,4645.png,  주문력  100  체력  200     잿덩이꽃:  챔피언에게 입히는 피해에 10~20 의 추가  마법 관통력 이 적용됩니다. 이 수치는 대상의 현재  체력 이 낮을수록 증가하며 대상의 체력이 1000 이하일 때 최대가 됩니다. 최근 보호막을 받은 대상에게 효과가 최대로 적용됩니다. (추가  마법 관통력  20 )   ,3000,2100
176,6029,강철가시 채찍,6029.png,"  공격력  30     사용 시 -   초승달:  주변 적들에게  기본 공격력의100%에 해당하는 물리 피해 를 입힙니다. (재사용 대기시간 20초, 스킬 가속에 따라 감소)  ",1100,770
177,6035,은빛 여명,6035.png,"  공격력  40  체력  300  마법 저항력  35     사용 시 -   수은:  챔피언에 걸린 모든 군중 제어 효과( 공중에 뜸  제외)를 제거하고, 3초 동안 강인함이 40%, 둔화 저항이 40% 증가합니다. (재사용 대기시간 90초)  ",3000,2100
178,6333,죽음의 무도,6333.png,  공격력  55  방어력  45  스킬 가속  15     고통 무시:  자신이 받은 물리 피해의 35%(원거리 챔피언의 경우 15%)를 3초 동안 나누어 입습니다.  반항:  챔피언 처치 관여 시  고통 무시  의 지속 피해 효과가 사라지고 2초 동안  최대 체력의 15% 를 회복합니다.   ,3100,2170
179,6609,화공 펑크 사슬검,6609.png,  공격력  45  체력  250  스킬 가속  15     광란의 뿔:  적 챔피언에게 물리 피해를 입히면 3초 동안 40%의  고통스러운 상처 를 남깁니다. 대상의 체력이 50% 이하라면  고통스러운 상처 의 효과가 60%로 증가합니다.    고통스러운 상처 는 치유 및 회복 효과를 감소시킵니다.   ,2600,1820
180,6616,흐르는 물의 지팡이,6616.png,"  주문력  50  체력 회복 및 보호막  10%  기본 마나 재생  100%     급류:  다른 아군의 체력을 회복시키거나 보호막을 씌우면 4초 동안 자신과 대상의  주문력이 25~45 ,  스킬 가속이 20  증가합니다.   레벨 비례 효과는 아군의 레벨에 따라 상승합니다.   ",2300,1610
181,6617,월석 재생기,6617.png,  주문력  40  체력  200  스킬 가속  20  기본 마나 재생  100%     별빛 은총:  전투에서 챔피언에게 기본 공격을 하거나 스킬을 사용하면 주변에서 가장 많은 피해를 입은 아군의  체력을 70  회복시킵니다. (재사용 대기시간 2초) 챔피언과 전투에 돌입하고 매초가 지날 때마다 체력 회복과 보호막 효과가 7%씩 증가합니다. (최대 5회까지 중첩)   신화급 기본 지속 효과:  다른 모든  전설급  아이템에  별빛 은총  체력 회복량 증가  10     ,2500,1750
182,6630,선혈포식자,6630.png,"  공격력  45  체력  450  스킬 가속  20  모든 피해 흡혈  10%     사용 시 -   갈망의 가르기:  주변 적들에게  기본 공격력의 175%에 해당하는 물리 피해 를 입힙니다. 적중한 챔피언 하나당  기본 공격력의 25%+잃은 체력의 10% 만큼 회복합니다. (재사용 대기시간 15초, 스킬 가속에 따라 감소)   신화급 기본 지속 효과:  다른 모든  전설급  아이템에 스킬 가속  5   ",3300,2310
183,6631,발걸음 분쇄기,6631.png,"  공격력  50  공격 속도  20%  체력  300  스킬 가속  20     사용 시 -   제압의 가르기:  주변 적들에게  공격력의 175%에 해당하는 물리 피해 를 입히고 3초 동안 40%  둔화 시킵니다. (재사용 대기시간 15초, 스킬 가속에 따라 감소) 이동하면서 사용할 수 있습니다.   비장한 걸음:  물리 피해를 가하면 3초 동안  이동 속도가 20  상승합니다.   신화급 기본 지속 효과:  다른 모든  전설급  아이템에 이동 속도  2%   ",3300,2310
184,6632,신성한 파괴자,6632.png,  공격력  35  체력  400  스킬 가속  20    주문 검:  스킬을 사용하고 나면 다음 기본 공격 시  대상 최대 체력의 12%(소유자가 원거리 챔피언인 경우 9%)에 해당하는 물리 피해 ( 적중 시  )를 추가로 입힙니다. (재사용 대기시간 1.5초) 대상이 챔피언일 경우 강화된 피해의 65%만큼 체력을 회복합니다. (소유자가 원거리 챔피언인 경우 40%)   신화급 기본 지속 효과:  다른 모든  전설급  아이템에 방어구 관통력  5%  및 마법 관통력  5%     주문 검 은 유닛에게 최소 기본 공격력의 150%에 해당하는 피해를 입히고 몬스터에게는 최대 기본 공격력의 250%에 해당하는 피해를 입힙니다.   ,3300,2310
185,6653,리안드리의 고뇌,6653.png,  주문력  80  마나  600  스킬 가속  20     고뇌:  대상의 추가 체력에 비례해 챔피언에게 최대  12%의 추가 마법 피해 를 입힙니다. (추가 체력이 1250일 때 최대 피해)  고통:  스킬로 피해를 입히면 4초 동안 적을 불태워 매초  15+주문력의 1.5%+최대 체력의 1%에 해당하는 마법 피해 를 입힙니다.    신화급 기본 지속 효과:  다른 모든  전설급  아이템에 스킬 가속  5   ,3200,2240
186,6655,루덴의 폭풍,6655.png,  주문력  80  마법 관통력  6  마나  600  스킬 가속  20     메아리:  스킬로 피해를 입히면 대상과 주변 3명의 적에게  100+주문력의 10%에 해당하는 마법 피해 를 추가로 입히고 2초 동안  이동 속도가 15%  상승합니다. (재사용 대기시간 10초) 챔피언에게 스킬 피해를 입히면 이 아이템의 재사용 대기시간이 0.5초 감소합니다. (스킬 사용 1회당 최대 3초 감소)   신화급 기본 지속 효과:  다른 모든  전설급  아이템에 마법 관통력  5    ,3200,2240
187,6656,만년서리,6656.png,  주문력  70  체력  250  마나  600  스킬 가속  20     사용 시 -   빙결:  원뿔 범위 내의 적들에게  100+주문력의 30%에 해당하는 마법 피해 를 입히고 1.5초 동안 65%  둔화 시킵니다. 범위 중앙의 적들은  속박 됩니다. (재사용 대기시간 30초)   신화급 기본 지속 효과:  다른 모든  전설급  아이템에 주문력  10     ,2800,1960
188,6660,바미의 불씨,6660.png,"  체력  300     불사르기:  피해를 받거나 입히면 주변 적들에게 3초 동안 초당  15+추가 체력의 1%에 해당하는 마법 피해 를 입힙니다. (미니언 대상 25%, 몬스터 대상 25% 증가)  ",1100,770
189,6662,서리불꽃 건틀릿,6662.png,"  체력  350  방어력  25  마법 저항력  25  스킬 가속  20     불사르기:  피해를 받거나 입히면 주변 적들에게 3초 동안 초당  12+추가 체력의 1%에 해당하는 마법 피해 를 입힙니다. (미니언 대상 25%, 몬스터 대상 150% 증가)  고립:  기본 공격 시 1.5초 동안 서리 영역을 생성하고 추가 마법 피해(근접 챔피언의 경우 20~100+최대 체력의 0.5%, 원거리 챔피언의 경우 10~50+최대 체력의 0.25%)를 입힙니다. (재사용 대기시간 4초, 원거리 챔피언의 경우 6초) 서리 영역을 지나는 적들은 근접 챔피언의 경우 25%, 원거리 챔피언의 경우 12.5%  둔화 됩니다. (자신의  최대 체력 에 비례)   신화급 기본 지속 효과:  다른 모든  전설급  아이템에 체력  100  및 챔피언 크기  6%   ",2800,1960
190,6664,터보 화공 탱크,6664.png,"  체력  350  방어력  25  마법 저항력  25  스킬 가속  20     사용 시 -   고속 충전 완료:  4초 동안 적이나 적 포탑 쪽으로 이동할 때  이동 속도가 40%  상승합니다. 적에게 근접하거나 4초가 지나면 충격파를 발산하여 1.5초 동안 주변 적 챔피언들을 50%  둔화 시킵니다. (재사용 대기시간 90초)   연료 재충전:  이동하거나 피해를 입히면  화공 탱크 가 차오릅니다. 100까지 중첩되면 다음 기본 공격이 주변 모든 적에게  40~120(+최대 체력의 1%, +이동 속도의 3%)의 마법 피해 (미니언 대상 25%, 정글 몬스터 대상 175% 증가)를 입힙니다.   신화급 기본 지속 효과:  다른 모든  전설급  아이템에 스킬 가속  5  및 체력  50   ",2800,1960
191,6670,절정의 화살,6670.png,  공격력  30  공격 속도  15%     정밀:  미니언과 몬스터에게 기본 공격 시  20의 물리 피해 를 추가로 입힙니다.  ,1300,910
192,6671,돌풍,6671.png,  공격력  60  공격 속도  20%  치명타 확률  20%     사용 시 -   폭우:  지정 방향으로 돌진하며 착지 지점 주변 체력이 가장 낮은 적(챔피언 우선)에게 발사체 3개를 날립니다. 총  180~220(레벨에 비례)+추가 공격력의 45%에 해당하는 마법 피해 를 입히며 체력이 낮을수록 피해량이 최대 50%까지 증가합니다. (재사용 대기시간 90초)   신화급 기본 지속 효과:  다른 모든  전설급  아이템에 이동 속도  2%    미사일의 최대 피해는 체력이 30% 이하인 적에게 적용됩니다. 폭우 돌진으로 지형은 통과할 수 없습니다.   ,3400,2380
193,6672,크라켄 학살자,6672.png,  공격력  65  공격 속도  25%  치명타 확률  20%     벼락:  세 번째 기본 공격을 가할 때마다  60+추가 공격력의 45%에 해당하는 고정 피해 를 추가로 입힙니다.   신화급 기본 지속 효과:  다른 모든  전설급  아이템에 공격 속도  10%   ,3400,2380
194,6673,불멸의 철갑궁,6673.png,  공격력  55  공격 속도  20%  치명타 확률  20%  생명력 흡수  10%     생명선:  피해를 받아 체력이 30% 아래로 떨어질 경우 3초 동안  250~700의 피해를 흡수하는 보호막 을 얻습니다. 또한 8초 동안  공격력이 15~35  증가합니다. (90초 )   신화급 기본 지속 효과:  다른 모든  전설급  아이템에 공격력  5  및 체력  50   ,3400,2380
195,6675,나보리 신속검,6675.png,  공격력  60  치명타 확률  20%  스킬 가속  30     날쌘 타격:  기본 공격이 치명타로 적중하면 기본 스킬의 남은 재사용 대기시간이 20% 감소합니다.  ,3400,2380
196,6676,징수의 총,6676.png,  공격력  55  치명타 확률  20%  물리 관통력  12     죽음과 세금:  적 챔피언에게 피해를 입혀 체력이 5% 이하가 되면 처형합니다. 챔피언 처치 시 추가로 25골드를 얻습니다.  ,3000,2100
197,6677,분노의 칼,6677.png,  공격 속도  25%     분노:  치명타 확률이  적중 시  피해량으로 전환됩니다. 치명타 확률 20%당  35 의 피해( 적중 시  )를 입힙니다.  ,800,560
198,6691,드락사르의 황혼검,6691.png,"  공격력  60  물리 관통력  18  스킬 가속  20     밤의 추적자:  챔피언에게 기본 공격 시  물리 피해(근접 챔피언의 경우 75+추가 공격력의 30%, 원거리 챔피언의 경우 55+추가 공격력의 25%) 를 추가로 입힙니다. (재사용 대기시간 15초) 또한 근접 챔피언의 경우 대상을 0.25초 동안 99%  둔화 시킵니다. 피해를 입은 챔피언이 3초 내에 처치되면 재사용 대기시간이 초기화되며 1.5초 동안  투명  상태가 됩니다.   신화급 기본 지속 효과:  다른 모든  전설급  아이템에 스킬 가속  5    ",3100,2170
199,6692,월식,6692.png,"  공격력  55  물리 관통력  18  모든 피해 흡혈  8%      늘 떠오르는 달:  1.5초 내에 한 챔피언에게 별개의 기본 공격이나 스킬로 2회 공격하면  대상 최대 체력의 6%에 해당하는 물리 피해 를 추가로 입히고 2초 동안  이동 속도가 15%  상승하며  180+추가 공격력의 40%에 해당하는 피해를 흡수하는 보호막(원거리 챔피언의 경우 50%에 해당하는 피해를 흡수하는 보호막) 을 얻습니다. (재사용 대기시간 6초, 원거리 챔피언의 경우 재사용 대기시간 16초)   신화급 기본 지속 효과:  다른 모든  전설급  아이템에 방어구 관통력  4%   ",3100,2170
200,6693,자객의 발톱,6693.png,  공격력  60  물리 관통력  18  스킬 가속  20     사용 시 -   모래 일격:  지정한 적 챔피언을 관통해 돌진하며  75+추가 공격력의 30%에 해당하는 물리 피해 를 입히고 3초 동안 대상에게 입히는 피해량이 15% 증가합니다. (재사용 대기시간 90초)   신화급 기본 지속 효과:  다른 모든  전설급  아이템에 물리 관통력  5   ,3100,2170
201,6694,세릴다의 원한,6694.png,  공격력  45  방어구 관통력  30%  스킬 가속  20     매서운 추위:  스킬로 적에게 피해를 입히면 1초 동안 30%  둔화 시킵니다.  ,3200,2240
202,6695,독사의 송곳니,6695.png,  공격력  55  물리 관통력  12     보호막 파괴자:  적 챔피언에게 피해를 입히면 3초 동안 받는 보호막의 효과를 감소시킵니다. (근접 챔피언의 경우 50% | 원거리 챔피언의 경우 35%) 보호막 파괴자에 영향을 받지 않은 적에게 피해를 입히면 보호막을 감소시킵니다. (근접 챔피언의 경우 50% | 원거리 챔피언의 경우 35%)   마법 피해만 막는 보호막을 가진 대상에게는 추가 피해가 적용되지 않습니다. 아이템 성능은 근접 챔피언과 원거리 챔피언에게 각각 다르게 적용됩니다.   ,2600,1820
203,6696,원칙의 원형낫,6696.png,  공격력  55  물리 관통력  10  스킬 가속  25     흐름:  피해를 입은 챔피언이 3초 내에 처치되면 궁극기 총 재사용 대기시간의 25%를 돌려받습니다.  ,3000,2100
204,8001,증오의 사슬,8001.png,"  체력  650  스킬 가속  20     사용 시 -   맹세:  피의 복수를 할 숙적을 선택합니다. (90초)   피의 복수:  숙적으로부터 받는 피해량이 30%까지 감소합니다. (피의 복수 중첩당 1%) 시간이 지남에 따라 중첩을 얻으며, 60초 후에 최대 중첩에 도달합니다.  복수:  최대 중첩 시 근처에 있는 숙적의 강인함이 20% 감소합니다.   죽은 상태에서도 전장 전체에 사용할 수 있습니다. 새로운 대상을 지정하면 중첩이 초기화됩니다. 챔피언과 전투 중일 때는 15초 동안 사용할 수 없습니다.    ''그녀는 그자를 파멸시키는 데 자신의 삶을 바치겠다고 맹세했다. 건틀릿이 그 증인이지.''   ",2500,1750
205,8020,심연의 가면,8020.png,  체력  450  마법 저항력  30  스킬 가속  10     파괴:  주변 적 챔피언들에게  저주 를 내려  마법 저항력을 5+추가 체력의 1%  (최대 20) 감소시킵니다.  저주 를 내린 적 하나당  7의 마법 저항력 을 얻습니다.  ,2700,1890
